codi_barri,poblacio_total,pct_pob_estrangera,pct_pob_estrangera_occidental,pct_joves,pct_universitaris,import_euros,index_gini,total_incidents_1000_hab,locals_restauracio_1000_hab,locals_sanitaris_1000_hab,locals_serveis_professionals_1000_hab,preu_mitja_m2,pisos_turistics_1000_hab,cluster
1,47150,0.4804241781548251,0.095949098621421,0.3940402969247084,0.1849628844114528,8507.809523809523,36.33809523809524,14.294803817603391,11.537645811240722,0.1484623541887592,0.6998939554612937,11.1,3.817603393425239,0
2,15514,0.4194276137682093,0.2090369988397576,0.4281294314812428,0.3335696789996132,11447.444444444443,41.0875,40.28619311589532,33.3247389454686,0.25783163594173,0.3222895449271625,11.2,11.860255253319584,0
3,15037,0.312961361973798,0.1511604708385981,0.3732127419033051,0.2147369821107933,10818.818181818182,34.95454545454545,40.899115515062846,14.49757265411984,0.5320210148300858,0.3990157611225643,16.3,4.58868125290949,0
4,22468,0.3927363361224852,0.1946323660316895,0.4038187644650169,0.3233932704290546,11689.0,39.51538461538462,26.34858465372975,16.64589638597116,0.3560619547801317,0.9791703756453624,12.7,7.610824283425316,0
5,31548,0.1943387853429694,0.0764549258273107,0.2962152909851654,0.3139660200329656,15441.5,34.02,17.87751996957018,5.515405096995055,0.5071636870800051,1.7433751743375174,10.9,10.872321541777607,2
6,51094,0.1702548244412259,0.0560535483618428,0.2915019376051982,0.2990762124711316,15354.29411764706,34.04705882352941,10.9993345598309,6.987121775550945,0.7045837084589188,1.663600422750225,11.1,15.539985125455043,2
7,43558,0.1929151935350567,0.1043665916708756,0.2887184902888103,0.420726387804766,19841.55172413793,38.05862068965517,15.863905597134853,17.264337205564992,1.469305294090638,1.4233895036503057,11.3,0.0401074429496303,3
8,41662,0.1868609284239835,0.0838413902357064,0.303658009697086,0.3914118381258701,18175.53846153846,37.38076923076923,14.113580721040757,16.273822668138834,1.5121693629686526,1.4161586097642935,11.4,17.449954394892227,2
9,57664,0.164088512763596,0.0554592119866814,0.2936494173140954,0.3452067147613762,17153.725,34.802499999999995,9.936875693673697,7.058129855715872,0.9364594894561598,1.4393729189789122,11.3,7.422308546059933,2
10,38031,0.196155767663222,0.0716520733086166,0.2978359759143856,0.2931555836028503,15087.416666666666,35.3125,15.303305198390786,9.308195945412953,0.7362414872078041,1.6565433462175594,11.0,14.935184454786883,2
11,40222,0.2913828253194769,0.0810004475162846,0.3336233901844762,0.2009596738103525,11037.541666666666,34.5625,17.080204863010295,8.005569091541943,0.5221023320570832,1.267962806424345,11.1,13.574660633484164,2
12,1122,0.0873440285204991,0.0115864527629233,0.3172905525846702,0.0472370766488413,9003.0,31.3,424.24242424242425,6.238859180035651,0.0,0.8912655971479501,6.6,2.6737967914438503,1
13,30237,0.1298078513080001,0.0236465257796739,0.2539273076032675,0.1152561431358931,11453.470588235294,30.03529411764706,16.46988788570295,3.075701954558984,0.8929457287429309,0.4630088963852234,8.4,0.1984323841650957,1
14,10371,0.1838781216854691,0.0622890753061421,0.2953427827596181,0.2433709381930383,13976.857142857143,32.65714285714286,33.55510558287533,3.278372384533796,1.0606498891138754,0.7713817375373637,11.3,7.135281072220615,1
15,15758,0.2038329737276304,0.0583195837035156,0.3224393958624191,0.237466683589288,13370.0,34.980000000000004,30.46071836527478,5.774844523416678,0.6980581292042137,0.6980581292042137,11.1,11.866988196471636,2
16,18384,0.1208659704090513,0.0279590948651,0.2682767624020887,0.1858681462140992,13377.76923076923,31.023076923076925,26.000870322019143,3.154917319408181,0.4351610095735422,1.3054830287206267,9.8,2.284595300261097,1
17,24016,0.1597268487674883,0.0312708194536975,0.2866422385076616,0.2021568954030646,13373.375,32.96875,17.19686875416389,2.331778814123917,0.5413057961359095,1.3324450366422385,10.7,3.747501665556296,1
18,40703,0.1605532761712895,0.0440753752794634,0.2942043584011006,0.2570817875832248,14615.551724137931,33.286206896551725,14.249563914207798,4.790801660811242,0.5896371274844606,1.00729675945262,11.0,4.643392378940127,2
19,46003,0.1031889224615786,0.0360846031780536,0.2558963545855705,0.350651044497098,19300.314285714285,34.32,12.347020846466537,7.086494359063539,1.7172793078712258,1.478164467534726,11.8,3.717148881594679,3
20,23810,0.1046619067618647,0.0295674086518269,0.2602267954640907,0.3152036959260815,17443.533333333333,32.306666666666665,20.789584208315837,4.577908441831164,1.133977320453591,1.1759764804703905,11.4,1.511969760604788,3
21,11716,0.149453738477296,0.0813417548651416,0.2214066234209628,0.4199385455786958,25964.571428571428,39.06,38.32365995220212,3.072721065209969,0.5121201775349948,0.0,14.1,0.6828269033799932,3
22,4604,0.1320590790616854,0.0907906168549087,0.2228496959165942,0.3240660295395308,17615.0,39.06666666666666,82.10251954821894,3.0408340573414425,0.2172024326672458,0.2172024326672458,12.1,0.6516072980017377,3
23,24640,0.1165990259740259,0.0717938311688311,0.2278409090909091,0.3951704545454545,22779.6875,38.48571428571428,21.631493506493506,3.246753246753247,0.974025974025974,0.9334415584415584,14.5,0.9334415584415584,3
24,16501,0.1024786376583237,0.0584207017756499,0.2312587115932367,0.4137325010605417,26779.090909090908,40.79090909090909,23.392521665353616,3.33313132537422,3.5755408763105265,0.5454214896066905,14.0,1.8786740197563785,3
25,25368,0.1014664143803216,0.0443472090823084,0.2316698202459791,0.3931725007883948,23171.166666666668,39.20625,19.079154840744245,5.203405865657522,2.522863450015768,1.1431725007883948,12.8,1.0249132765689055,3
26,46711,0.1094817066643831,0.0533065016805463,0.2365609813534285,0.4170537988910535,24058.483870967742,39.67857142857143,12.373959024640875,9.226948684464045,2.247864528697737,1.5842092868917386,12.7,5.801631307400826,3
27,29024,0.123449558985667,0.0602260198456449,0.2663313120176406,0.4019432194046306,19320.52631578948,36.34736842105264,16.124586549062844,4.203417861080485,0.9302646085997794,1.6538037486218302,12.3,5.443770672546858,3
28,15520,0.1235824742268041,0.0539948453608247,0.2563788659793814,0.3219716494845361,18361.454545454544,35.50909090909091,29.70360824742268,2.5128865979381447,1.095360824742268,0.9020618556701032,11.6,2.2551546391752577,3
29,7351,0.1401169908855938,0.0565909400081621,0.2783294789824513,0.2402394232077268,13610.8,33.86,40.94680995782887,1.9045027887362265,0.272071826962318,0.272071826962318,9.9,1.7684668752550674,1
30,13220,0.1215582450832072,0.0573373676248108,0.2713313161875945,0.3314674735249622,16934.6,33.21,31.996974281391832,3.5552193645990924,1.5128593040847202,1.4372163388804842,11.3,2.64750378214826,3
31,50441,0.1872088182232707,0.0988878095200333,0.3385539541246208,0.3617890208362245,15359.416666666666,35.138888888888886,12.132987054182111,10.447849963323486,1.6653119486132313,1.9230387978033745,12.3,15.22570924446383,2
32,33913,0.120868103677056,0.0512487836522867,0.2757054816736944,0.3312593990505116,16730.04,32.684,14.419249255447763,4.3935953764043285,1.2974375608173856,1.8576946893521655,11.3,6.78205997699997,2
33,25474,0.1275025516212609,0.0418858443903588,0.269215670880113,0.2583810944492423,14797.21052631579,32.28947368421053,16.762188898484727,4.435895422784015,0.9028813692392242,2.0020412970087147,10.6,3.415246918426631,2
34,8824,0.131119673617407,0.0431776971894832,0.2594061650045331,0.2137352674524025,13580.285714285714,32.8,36.71804170444243,1.926563916591115,0.113327289211242,1.473254759746147,10.1,1.473254759746147,1
35,35784,0.1290241448692153,0.0347920858484238,0.2659289067739772,0.2354963112005365,14323.76,33.116,13.74916163648558,3.968253968253968,0.8104180639391907,2.2915269394142634,10.4,1.5090543259557343,2
36,9399,0.0544738802000213,0.0207468879668049,0.2166187892328971,0.2480051069262687,16739.14285714286,32.6,33.83338653048197,1.5959144589849985,0.2127885945313331,0.5319714863283328,11.4,0.2127885945313331,1
37,31449,0.1243600750421317,0.024833857992305,0.2658590098254316,0.0958059079779961,10449.0,29.463636363636365,15.771566663486915,2.702788641928201,0.2543801074755953,0.9221278895990334,9.1,0.826735349295685,1
38,11360,0.1203345070422535,0.0300176056338028,0.2622359154929577,0.1263204225352112,11579.75,30.475,27.55281690140845,2.4647887323943665,0.176056338028169,1.2323943661971832,9.5,0.7922535211267606,1
39,6721,0.1053414670435947,0.02321083172147,0.2258592471358428,0.1520607052521946,12743.2,31.44,50.88528492783812,2.2318107424490403,0.297574765659872,0.148787382829936,8.3,0.4463621484898081,1
40,5041,0.102360642729617,0.0210275738940686,0.2061098988295973,0.1926205118032136,13898.5,29.375,66.05832176155525,2.5788534021027574,0.7934933544931562,0.3967466772465781,10.1,0.0,1
41,5467,0.0819462227912932,0.0265227730016462,0.208340954819828,0.2423632705322846,15272.5,27.6,70.05670385952075,2.012072434607646,0.1829156758734223,0.1829156758734223,10.1,0.0,1
42,542,0.1660516605166051,0.018450184501845,0.4059040590405904,0.2177121771217712,12247.0,33.8,289.6678966789668,3.690036900369003,0.0,0.0,8.0,0.0,1
43,26469,0.0996637576032339,0.0253126298689032,0.2373720200989837,0.1829687559031319,13883.047619047618,31.03333333333333,19.154482602289477,4.231364993010692,0.5667006687067891,0.86894102535041,9.5,0.1511201783218104,1
44,25444,0.121168055337211,0.0203191322119163,0.2472488602421003,0.1801210501493476,13364.736842105263,31.0,17.292878478226694,4.598333595346644,0.8646439239113347,1.454173872032699,9.3,0.2358119792485458,1
45,24299,0.1339149759249351,0.0160911971686077,0.2494752870488497,0.135149594633524,12098.833333333334,30.63888888888889,18.43697271492654,3.909625910531298,0.5350014403884934,1.4815424503065968,9.1,0.082307913905922,1
46,15328,0.2024399791231732,0.0161143006263048,0.2580245302713987,0.1070589770354906,10171.8,31.410000000000004,24.13883089770355,3.001043841336117,0.587160751565762,0.8481210855949897,8.3,0.0,1
47,2275,0.0712087912087912,0.0162637362637362,0.2571428571428571,0.072087912087912,8950.5,34.45,74.28571428571429,0.8791208791208791,0.4395604395604395,0.0,12.5,0.0,1
48,15097,0.0704775783268198,0.0150360998873948,0.2128237398158574,0.1474465125521626,13310.90909090909,26.818181818181817,27.62138173146983,3.311916274756574,0.7286215804464463,0.6623832549513149,8.2,0.0662383254951314,1
49,6952,0.0401323360184119,0.0097813578826237,0.2218066743383199,0.097813578826237,12632.4,26.14,46.02991944764097,2.8768699654775607,0.143843498273878,0.7192174913693902,7.2,0.143843498273878,1
50,15400,0.1904545454545454,0.0253896103896103,0.2907792207792208,0.0633116883116883,9125.0,31.94,26.23376623376624,2.987012987012988,0.1948051948051948,0.8441558441558441,8.7,0.1948051948051948,1
51,12226,0.1689023392769507,0.0191395386880418,0.2656633404220513,0.0868640601995746,9859.5,31.7,28.300343530181586,5.152952723703583,0.490757402257484,1.3904793063962049,9.1,0.1635858007524946,1
52,25974,0.13009163009163,0.0143220143220143,0.2522137522137522,0.0929775929775929,11023.45,30.045,17.017017017017018,4.889504889504889,0.7315007315007315,1.8865018865018863,9.6,0.154000154000154,1
53,7335,0.1757327880027266,0.0134969325153374,0.2616223585548738,0.0568507157464212,8337.2,31.94,49.6250852079073,1.2269938650306749,0.0,0.0,8.8,0.0,1
54,2734,0.1580102414045354,0.0179224579370885,0.2900512070226774,0.0603511338697878,7620.5,32.9,95.09875640087785,0.365764447695684,0.0,0.0,6.1,0.0,1
55,10239,0.2799101474753394,0.01963082332259,0.2932903603867565,0.0487352280496142,7694.333333333333,34.56666666666667,31.93671256958688,1.4649868151186638,0.0976657876745776,0.5859947260474656,6.6,0.0,1
56,1334,0.1229385307346326,0.0322338830584707,0.2916041979010494,0.0712143928035982,8238.0,33.7,121.43928035982007,1.4992503748125936,0.0,0.0,8.0,0.0,1
57,10068,0.2794000794596742,0.0242352006356773,0.3070123162495033,0.0703218116805721,8606.8,33.239999999999995,42.70957489074294,2.284465633690901,0.0993245927691696,0.3972983710766786,8.0,0.4966229638458482,1
58,2482,0.1031426269137791,0.0128928283642224,0.2788074133763094,0.0463336019339242,8036.5,33.45,80.58017727639002,2.417405318291701,0.0,0.0,4.8,0.0,1
59,12560,0.1264331210191083,0.0191878980891719,0.2593949044585987,0.0976114649681528,10603.0,30.6,38.61464968152866,3.7420382165605095,0.3980891719745223,1.1146496815286624,8.8,0.0796178343949044,1
60,56491,0.0699580464144731,0.0155245968384344,0.2518808305747818,0.1951284275371298,14494.53846153846,29.012820512820515,10.426439609849355,4.053743074118001,1.2568373723247952,1.1506257633959391,10.0,0.4779522401798516,1
61,28899,0.1202809785805737,0.0217308557389529,0.2642998027613412,0.1883110142219454,13587.65,29.67,17.57846292259248,3.633343714315374,1.0034949306204368,0.9342883836810962,9.7,0.7266687428630748,1
62,14046,0.1257297451231667,0.0244909582799373,0.2489676776306421,0.1972803645165883,13508.0,31.877777777777776,27.69471735725473,5.481987754520859,0.8543357539513029,2.420617969528692,9.5,0.2847785846504343,1
63,21966,0.1314303924246562,0.0280433397068196,0.255986524628972,0.2035873622871711,13758.0,30.9,19.621232814349447,3.5964672675953744,0.4552490212146043,1.638896476372576,9.7,0.5007739233360649,1
64,38168,0.1509641584573464,0.0424701320477887,0.2815971494445609,0.238681618109411,14214.36,32.496,13.099979040033537,5.082791867533012,0.6025990358415426,1.9911968140850973,10.6,7.073988681618109,2
65,26932,0.1325189365810188,0.039098470221298,0.2673028367740977,0.2109757908807366,13820.764705882351,31.294117647058822,19.15936432496658,4.901232734293777,0.3341749591563939,0.9653943264518046,10.3,1.8565275508688548,1
66,14713,0.1974444368925439,0.0850948141099707,0.3183579147692517,0.2794807313260382,14729.111111111111,33.28888888888889,35.00305851967648,9.24352613335146,0.3398355196085094,4.417861754910623,11.5,6.864677496091892,2
67,9331,0.1612903225806451,0.1070624799056907,0.2353445504233201,0.4280355803236523,21652.0,34.96,52.834637230736256,5.465652127317544,0.5358482477762297,0.9645268459972136,14.3,11.8958311006323,3
68,33437,0.1661632323473996,0.0795226844513562,0.2776863953105841,0.2487663366928851,14480.4,32.72,17.196518826449744,8.164608068905702,0.7177677423213805,1.7645123665400604,11.7,12.142237640936688,2
69,13374,0.167713473904591,0.0844922984896067,0.2697024076566472,0.3066397487662629,16139.57142857143,32.41428571428571,37.75983251084193,5.383580080753701,0.5234036189621654,0.4486316733961417,12.5,10.841932107073427,2
70,22844,0.2411136403431973,0.0264402031167921,0.2874277709683068,0.0835668009105235,9490.0,32.15384615384615,21.93136053230608,3.1080371213447733,0.2188758536158291,0.4377517072316582,8.4,1.3132551216949746,1
71,20163,0.1244358478401032,0.03873431533006,0.2800674502802162,0.1867281654515697,12927.5,30.683333333333334,23.657193869959823,4.36442989634479,0.6447453255963894,1.7358527996825868,10.0,1.7854485939592324,1
72,25971,0.1041161295290901,0.0233722228639636,0.2358014708713565,0.150051981055793,12881.166666666666,28.327777777777776,18.09710831311848,3.773439605714066,0.7315852296792575,0.8085942012244427,9.4,0.3465403719533325,1
73,28727,0.1030041424443902,0.0178229540153862,0.2368851603021547,0.1057889790092943,11856.09523809524,28.69047619047619,15.351411564033835,3.9335816479270367,0.4177254847356146,0.8006405124099278,9.1,0.2088627423678073,1
